metric,platform,n,min,Q1,Q2/med,Q3,max,IQR,mean,mode,mode n,stdev
process_time,firecracker,10000,1.132,1.214,1.247,1.286,1.529,0.072,1.255,1.19,3,0.055
,aws_lambda,7234,1.065,1.26,1.292,1.331,1.869,0.071,1.3,1.266,3,0.063
,,,,,,,,,,,,
graph_generating_time,firecracker,10000,6.948,7.877,8.102,8.151,8.489,0.274,8.026,8.121,3,0.15
,aws_lambda,7234,6.367,7.89,8.009,8.126,8.757,0.236,8,7.761,2,0.204
,,,,,,,,,,,,
runtime,firecracker,10000,8218,9121,9346,9426,9915,305,9286.6,9433,54,176.975
,aws_lambda,7234,7456,9172,9320,9460,10128,288,9308.8,9354,21,243.239
,,,,,,,,,,,,
userRuntime,firecracker,10000,8213,9115,9340,9420,9908,305,9281,9421,47,176.912
,aws_lambda,7234,7447,9164,9311,9451,10119,287,9299.9,9353,23,242.946
cpuSoftIrqDelta,firecracker,10000,0,0,0,0,0,0,0,0,10000,0
,aws_lambda,7234,0,0,0,10,30,10,5.495,0,3974,6.798
,,,,,,,,,,,,
cpuStealDelta,firecracker,10000,0,0,0,0,10,0,0.318,0,9682,1.755
,aws_lambda,7234,0,10,10,30,430,20,21.659,10,2325,29.657
,,,,,,,,,,,,
cpuSteal,firecracker,10000,0,60,120,170,820,110,145.913,100,506,130.093
,aws_lambda,7234,20,1770,3610,10845,42850,9075,7418.4,510,24,8371.3
,,,,,,,,,,,,
cpuSoftIrq,firecracker,10000,0,50,100,140,250,90,100.412,50,661,56.811
,aws_lambda,7234,10,780,1360,2060,5090,1280,1617,590,45,1121.3
,,,,,,,,,,,,
cpuIdleDelta,firecracker,10000,8220,9120,9340,9420,9910,300,9281,9410,355,176.939
,aws_lambda,7234,14890,18320,18610,18890,20220,570,18587,18640,79,484.376
,,,,,,,,,,,,
cpuIOWait,firecracker,10000,10,10,20,30,40,20,21.934,30,3934,9.252
,aws_lambda,7234,20,30,40,40,90,10,39.639,40,2931,14.978
,,,,,,,,,,,,
freeMemory,firecracker,10000,3268836,3305996,3312402,3316749,3397880,10753,3310221.3,3313356,9,10867.8
,aws_lambda,7234,5618740,5621177,5622276,5623192,5650812,2015,5622390.4,5621284,26,1890.3
,,,,,,,,,,,,
cpuIdle,firecracker,10000,1455230,2677132.5,3910715,5144487.5,6475850,2467355,3911591.1,1474910,3,1426185.2
,aws_lambda,7234,274020,2951215,4758740,7026625,1.85E+07,4075410,5870385.6,2278890,2,4048110.9
,,,,,,,,,,,,
cpuKernel,firecracker,10000,220,40930,81495,122037.5,164510,81107.5,81512.1,240,8,46845.8
,aws_lambda,7234,830,41685,71665,104847.5,306910,63162.5,89504.4,55890,5,66376.4
,,,,,,,,,,,,
cpuKernelDelta,firecracker,10000,200,280,300,320,800,40,300.793,300,1487,34.786
,aws_lambda,7234,220,300,320,340,890,40,320.196,320,951,34.301
,,,,,,,,,,,,
cpuUser,firecracker,10000,70,1119742.5,2243270,3366547.5,4598020,2246805,2244127.8,100,7,1298661.7
,aws_lambda,7234,610,1043030,1819620,2681037.5,7746260,1638007.5,2278534.8,435350,2,1709319.1
,,,,,,,,,,,,
pageFaultsDelta,firecracker,10000,163420,172506,175399,176163,189455,3657,174114.8,171994,227,3107.6
,aws_lambda,7234,171794,171907,172713,172718,189306,811,172420.5,172715,618,619.016
,,,,,,,,,,,,
pageFaults,firecracker,10000,7642,2.17E+07,4.35E+07,6.54E+07,8.82E+07,4.37E+07,4.36E+07,7696,3,2.52E+07
,aws_lambda,7234,75291,2.02E+07,3.52E+07,5.15E+07,1.49E+08,3.13E+07,4.38E+07,1.31E+07,2,3.26E+07
,,,,,,,,,,,,
cpuUserDelta,firecracker,10000,7850,8820,9030,9120,9440,300,8980.1,9120,334,177.326
,aws_lambda,7234,7150,8840,8990,9120,9660,280,8974.7,9020,153,234.538
,,,,,,,,,,,,
cpuGuest,firecracker,10000,0,0,0,0,0,0,0,0,10000,0
,aws_lambda,7234,0,0,0,0,0,0,0,0,7234,0
,,,,,,,,,,,,
cpuGuestDelta,firecracker,10000,0,0,0,0,0,0,0,0,10000,0
,aws_lambda,7234,0,0,0,0,0,0,0,0,7234,0
,,,,,,,,,,,,
cpuGuestNice,firecracker,10000,0,0,0,0,0,0,0,0,10000,0
,aws_lambda,7234,0,0,0,0,0,0,0,0,7234,0
,,,,,,,,,,,,
cpuGuestNiceDelta,firecracker,10000,0,0,0,0,0,0,0,0,10000,0
,aws_lambda,7234,0,0,0,0,0,0,0,0,7234,0
,,,,,,,,,,,,
cpuIOWaitDelta,firecracker,10000,0,0,0,0,0,0,0,0,10000,0
,aws_lambda,7234,0,0,0,0,0,0,0,0,7234,0
,,,,,,,,,,,,
cpuIrq,firecracker,10000,0,0,0,0,0,0,0,0,10000,0
,aws_lambda,7234,0,0,0,0,0,0,0,0,7234,0
,,,,,,,,,,,,
cpuIrqDelta,firecracker,10000,0,0,0,0,0,0,0,0,10000,0
,aws_lambda,7234,0,0,0,0,0,0,0,0,7234,0
,,,,,,,,,,,,
cpuNice,firecracker,10000,0,0,0,0,0,0,0,0,10000,0
,aws_lambda,7234,0,0,0,0,0,0,0,0,7234,0
,,,,,,,,,,,,
cpuNiceDelta,firecracker,10000,0,0,0,0,0,0,0,0,10000,0
,aws_lambda,7234,0,0,0,0,0,0,0,0,7234,0
newcontainer,firecracker,10000,0,0,0,0,1,0,0.002,0,9980,0.045
,aws_lambda,7234,0,0,0,0,1,0,8.29E-04,0,7228,0.029
,,,,,,,,,,,,
runtimeOverlap,firecracker,10000,2.34,18.93,18.93,18.93,19,0,18.739,18.93,8655,1.218
,aws_lambda,7234,0,0,17.52,17.69,18.85,17.69,10.31,0,3000,8.71
,,,,,,,,,,,,
totalMemory,firecracker,10000,3471364,3471364,3471364,3471364,3471364,0,3471364,3471364,10000,0
,aws_lambda,7234,5812596,5812596,5812596,5812596,5812596,0,5812596,5812596,7234,0
,,,,,,,,,,,,
cpuCores,firecracker,10000,2,2,2,2,2,0,2,2,10000,0
,aws_lambda,7234,3,3,3,3,3,0,3,3,7234,0
,,,,,,,,,,,,
invocations,firecracker,10000,1,125.75,250.5,375.25,500,249.5,250.5,1,20,144.344
,aws_lambda,7234,1,117,203,298,865,181,253.266,53,24,188.504
,,,,,,,,,,,,
utilizedCPUs,firecracker,10000,0.998,1,1,1,1.002,0,1,1,5346,7.15E-04
,aws_lambda,7234,0.973,0.999,1,1,1.003,0.001,0.999,1,2659,0.002
,,,,,,,,,,,,
availableCPUs,firecracker,10000,1.974,1.974,1.974,1.974,1.974,0,1.974,1.974,10000,0
,aws_lambda,7234,1.974,1.974,1.974,1.974,1.974,0,1.974,1.974,7234,0
,,,,,,,,,,,,
functionMemory,firecracker,10000,3538,3538,3538,3538,3538,0,3538,3538,10000,0
,aws_lambda,7234,3538,3538,3538,3538,3538,0,3538,3538,7234,0
,,,,,,,,,,,,
recommendedMemory,firecracker,10000,128,128,128,128,128,0,128,128,10000,0
,aws_lambda,7234,128,128,128,128,128,0,128,128,7234,0
frameworkRuntime,firecracker,10000,4,5,5,6,8,1,5.304,5,6895,0.48
,aws_lambda,7234,7,8,8,9,28,1,8.502,8,4476,1.09
,,,,,,,,,,,,
frameworkRuntimeDeltas,firecracker,10000,0,0,0,1,1,1,0.284,0,7155,0.451
,aws_lambda,7234,0,0,0,1,2,1,0.317,0,4948,0.466
latency,firecracker,10000,29.42,33.38,34.22,34.86,186,1.48,34.401,34.46,55,6.615
,aws_lambda,7234,646.8,679.58,696.185,727.2,2016.6,47.62,728.62,685.44,7,117.599
,,,,,,,,,,,,
roundTripTime,firecracker,10000,8252.2,9154.7,9380.3,9460.5,10099.4,305.845,9321,9129.6,4,177.819
,aws_lambda,7234,8200.3,9885.1,10037.5,10188.8,11817.7,303.738,10037.4,9880.9,3,269.194
